{
  "taskDetails": [
    {
      "Task_ID": "1",
      "Parent_ID": 2,
      "Task": "Test 1",
      "Start_Date": "09/06/2018",
      "End_Date":"09/08/2018",
      "Priority":20
    },
    {
      "Task_ID": "2",
      "Parent_ID": 2,
      "Task": "Test 2",
      "Start_Date": "09/07/2018",
      "End_Date":"09/08/2018",
      "Priority":40
    },
    {
      "Task_ID": "3",
      "Parent_ID": 2,
      "Task": "Test 3",
      "Start_Date": "09/08/2018",
      "End_Date":"09/09/2018",
      "Priority":60
    }
  ]
}

